,title,score,comments
0,As a gay black man,22.4k,https://old.reddit.com/r/WhitePeopleTwitter/comments/pr6bro/as_a_gay_black_man/
1,"A Child in Tennessee got made fun of for his homemade University of Tennessee tee, so UT made it their official shirt! The entire band is wearing it and they sold 16,000 shirts! To top that, they gave the Child a 4 year scholarship. Great job U of Tennessee!",51.8k,https://old.reddit.com/r/MadeMeSmile/comments/pr5tl9/a_child_in_tennessee_got_made_fun_of_for_his/
2,aLL lIvEs mAtTeR,13.4k,https://old.reddit.com/r/PoliticalHumor/comments/pr71qg/all_lives_matter/
3,How it's like to be a Middle Child.,20.0k,https://old.reddit.com/r/funny/comments/pr658h/how_its_like_to_be_a_middle_child/
4,To lazy to animate the whole body,38.6k,https://old.reddit.com/r/news/comments/pr0dsu/texas_covid19_death_toll_passes_60000/
5,Match Thread: 30th Match - Chennai Super Kings vs Mumbai Indians,11.4k,https://old.reddit.com/r/gaming/comments/pr7qlq/to_lazy_to_animate_the_whole_body/
6,The complete saga,•,https://old.reddit.com/r/Cricket/comments/pr7uxa/match_thread_30th_match_chennai_super_kings_vs/
7,"12 year old Freddie Mercury in Bombay (India), 1958",51.1k,https://old.reddit.com/r/science/comments/pqv0hb/moderna_vaccine_effectiveness_holding_strong/
8,Trying to open my door and claim you have an appointment to view my house for sale.,30.1k,https://old.reddit.com/r/technicallythetruth/comments/pr5sht/the_complete_saga/
9,Wait a minute..I know you,42.6k,https://old.reddit.com/r/interestingasfuck/comments/pr5c63/12_year_old_freddie_mercury_in_bombay_india_1958/
10,Purple & Brown - A show I created for Nickelodeon Back in the day,28.3k,https://old.reddit.com/r/PublicFreakout/comments/pr0ekf/trying_to_open_my_door_and_claim_you_have_an/
11,Have a good day,28.7k,https://old.reddit.com/r/HolUp/comments/pr6b9l/wait_a_minutei_know_you/
12,[Postgame Thread] Penn State Defeats Auburn 28-20,9180,https://old.reddit.com/r/todayilearned/comments/pr6cfs/til_about_singer_and_pioneer_sound_recording/
13,Ye,36.3k,https://old.reddit.com/r/Damnthatsinteresting/comments/pr4mp2/checkmate_level_3000_chinese_citizen_facing/
14,Bulb changing on 2000ft tower,11.4k,https://old.reddit.com/r/nostalgia/comments/pr5mtz/purple_brown_a_show_i_created_for_nickelodeon/
15,A caretaker stole my granpa’s old Rolex before he died. I was supposed to have it..,13.0k,https://old.reddit.com/r/cats/comments/pr5mvh/have_a_good_day/
16,How did he do that?!,3547,https://old.reddit.com/r/CFB/comments/pr07n5/postgame_thread_penn_state_defeats_auburn_2820/
17,Protest against vaccine passports held in Toronto today,4446,https://old.reddit.com/r/terriblefacebookmemes/comments/pr6oye/ye/
18,How to measure things like a Brit,34.7k,https://old.reddit.com/r/nextfuckinglevel/comments/pr50i6/bulb_changing_on_2000ft_tower/
19,Meme format name?,42.6k,https://old.reddit.com/r/mildlyinfuriating/comments/pr4ai8/a_caretaker_stole_my_granpas_old_rolex_before_he/
20,"Texas COVID-19 death toll passes 60,000",17.9k,https://old.reddit.com/r/youseeingthisshit/comments/pr4ol6/how_did_he_do_that/
21,Moderna vaccine effectiveness holding strong while Pfizer and Johnson&Johnson fall.,4760,https://old.reddit.com/r/ontario/comments/pqy6f9/protest_against_vaccine_passports_held_in_toronto/
22,"TIL about singer and pioneer sound recording artist George W. Johnson, born in 1846, who sold more than 25.000 wax cylinders. Since every recording was a ""master"" back then, he would record the same song over and over with several recording devices pointed at him, sometimes fifty or more times a day",15.1k,https://old.reddit.com/r/europe/comments/pr4dsi/how_to_measure_things_like_a_brit/
23,Checkmate level 3000 : Chinese citizen facing demolition of his house plasters it with Xi Jing Ping's photos.,14.3k,https://old.reddit.com/r/movies/comments/pr2g8d/dune_has_opened_in_17_countries_why_is_domestic/
24,‘Dune’ Has Opened in 17 Countries — Why Is Domestic Five Weeks Later?,14.3k,https://old.reddit.com/r/PrequelMemes/comments/pr52wl/meme_format_name/
